MARKERS	CHROM	LOCUS	POS
CHROM_1__21641264__56	CHROM_1	21641264	56
CHROM_1__21642925__38	CHROM_1	21642925	38
CHROM_1__21644891__54	CHROM_1	21644891	54
CHROM_1__21645021__37	CHROM_1	21645021	37
CHROM_1__21647503__24	CHROM_1	21647503	24
CHROM_1__21647832__14	CHROM_1	21647832	14
CHROM_1__21649281__28	CHROM_1	21649281	28
CHROM_1__21649524__13	CHROM_1	21649524	13
CHROM_1__21649733__39	CHROM_1	21649733	39
CHROM_1__21650357__6	CHROM_1	21650357	6
CHROM_1__21651070__18	CHROM_1	21651070	18
CHROM_1__21651710__32	CHROM_1	21651710	32
CHROM_1__21652002__16	CHROM_1	21652002	16
CHROM_1__21652058__46	CHROM_1	21652058	46
CHROM_1__21652390__35	CHROM_1	21652390	35
CHROM_1__21652652__12	CHROM_1	21652652	12
CHROM_1__21653430__6	CHROM_1	21653430	6
CHROM_1__21654335__6	CHROM_1	21654335	6
CHROM_1__21654895__41	CHROM_1	21654895	41
CHROM_1__21655315__28	CHROM_1	21655315	28
CHROM_1__21655386__27	CHROM_1	21655386	27
CHROM_1__21655977__28	CHROM_1	21655977	28
CHROM_1__21656056__22	CHROM_1	21656056	22
CHROM_1__21656132__23	CHROM_1	21656132	23
CHROM_1__21656596__46	CHROM_1	21656596	46
CHROM_1__21656796__9	CHROM_1	21656796	9
CHROM_1__21656963__35	CHROM_1	21656963	35
CHROM_1__21656975__66	CHROM_1	21656975	66
